{
  "enrollment": {
    "Nursery 1": {
      "MAE": 0.34821354131429905,
      "RMSE": 0.41725524611856574
    },
    "Nursery 2": {
      "MAE": 0.5253580279227907,
      "RMSE": 0.6862904116288239
    },
    "Kinder": {
      "MAE": 1.3736048695416816,
      "RMSE": 1.5723746254330389
    },
    "Grade 1": {
      "MAE": 1.8740305193068425,
      "RMSE": 2.06495894102505
    },
    "Grade 2": {
      "MAE": 1.6245906775229773,
      "RMSE": 1.815939810978875
    },
    "Grade 3": {
      "MAE": 1.4586202178633554,
      "RMSE": 1.8899671730469845
    },
    "Grade 4": {
      "MAE": 0.8347237043527453,
      "RMSE": 1.2052613941918262
    },
    "Grade 5": {
      "MAE": 1.4312407091626917,
      "RMSE": 2.2539667528139438
    },
    "Grade 6": {
      "MAE": 3.1320968012501176,
      "RMSE": 4.141175224290314
    },
    "TotalOverall": {
      "MAE": 8.863466220763142,
      "RMSE": 9.429353902524108
    }
  },
  "payment": {
    "MAE": 14932.730348352812,
    "RMSE": 16005.780018847889
  }
}